,Briere,Schoolfield,Line,Quadratic,Cubic
0,0.0,0.0,0.0,0.0,0.0
1,0.0,0.0,0.0,0.0,0.0
2,-27.16606221577156,-31.67728880337353,-33.4290244749746,-31.18896371721631,-30.73136460923876
3,-31.459279913643485,-35.87139344889462,-34.53357849388851,-34.33537329722992,-24.04547600852302
4,-56.85415576327705,-55.50983369831194,-55.12574616064791,-56.65911712315949,-57.16728762087054
5,-44.28091953934365,-49.395718615495966,-47.64422886178078,-49.50917834560478,-49.307301470194446
6,-31.2594633285331,138.6452253010682,-26.222552738916548,-25.425078296945472,-0.2776023853064258
7,59.87206241651647,-18.547428152489548,-24.699846471607366,-26.637470690431698,3.7272176637768593
8,84.84264140022653,20.33845715008956,20.67943386658426,19.809803812153266,21.017864047055085
9,45.00761627028011,34.08777987147054,35.923554311140144,33.927621515843406,37.01538474805011
10,-29.5215763461457,-29.778539617855955,-34.67528056572766,-27.800142386975743,-25.87216028893998
11,-43.129172229860906,-45.44243537789764,-44.60628065964775,-46.07173340062706,-47.05482953778343
12,135.51848510602434,44.27230159973533,36.2401720996106,58.116737381913396,89.51772646391463
13,14.779634864974375,22.25460910322719,15.795410353424312,14.536115026851435,22.01987583502547
14,28.497903026734875,24.13940965279298,16.798811352511244,21.39456714081441,70.37019903056357
15,74.15297935631166,16.397647339154815,16.906422884737548,15.772005239582173,16.289393297094687
16,-3.8226808520282063,-5.201128251071008,-4.744057388797568,3.159719586396926,7.842220779055124
17,-22.888602789347196,-25.686286135635275,-26.64499562542599,-27.7697160977103,-25.85043758893188
18,-5.09679747157918,-14.919590009058226,-12.387724722106977,-11.928350388755721,2.3517694905126376
19,-29.74513982898045,-15.73393628045006,-33.3287761036586,-33.15778473348428,-15.488258234292754
20,-19.063633758494987,159.10720685509352,-24.191896336987483,-15.518481910445622,0.11355542532622209
21,inf,-25.12981394794186,-35.27945923521291,-30.885195789865605,-24.247854871394043
22,14.862266379824527,8.546332704194544,4.602090465001805,3.4559395841255793,17.951740047366993
23,6.372552531922264,6.967414974856016,-14.413546207183021,-3.5246436635400116,27.507091067983126
24,42.381541022097565,55.66031340939716,43.314228020447445,41.56300530560976,76.5640401083823
25,,-66.71655980352688,-65.53481832909743,-66.71002732936009,-68.7076798881416
26,-71.9903560914654,-50.64258034967317,-74.16808253924152,-72.7608193602634,-74.62527989158605
27,-59.68877254684281,-63.24201455250342,-63.84749583354504,-63.4012811599911,-65.10903972558782
28,-66.78274333568969,-71.68936632547305,-70.42174546930515,-71.19973192472304,-71.45181551678228
29,-64.41817188675563,160.23797000675975,-72.46190227190986,-67.58801540924968,-58.74464093087604
30,-38.887204679751626,-63.62795856136293,-80.56425314447182,-76.6863986002095,-64.12231098618685
31,-49.14950782599637,-38.19502774181226,-48.781639467309084,-42.93804799669218,-36.806080711499824
32,-44.58549804654883,160.2378792044716,-45.481038034731114,-45.36806691224059,-36.20795256041293
33,-48.92232668525514,-53.629828543290536,-63.22421283978581,-54.723235930495086,-55.32677973500764
34,-34.041232978011834,-41.10492601388863,-39.06318472443379,-41.06268142424492,-36.27767098603108
35,-41.20797148890786,160.23791681537233,-47.03323055913946,-49.031805796451614,-39.61586603450225
36,-49.655681544148656,-55.133863050198705,-53.128044563203105,-55.121702292255186,-57.00249201027772
37,-35.19994285831468,-45.42505352096023,-42.10921144874922,-44.07196152344662,-36.66329226431974
38,-40.32798417878581,-53.78833657691161,-46.843195404308815,-47.30120690204292,-37.58251953223208
39,-49.73737210437449,-52.10428323109874,-51.59829974455388,-52.128547850130154,-54.106249133276485
40,-38.263229792777075,-43.65679551232522,-45.385758091299174,-47.36556134332736,-32.7160965780133
41,-33.83439210029923,-47.94363114503255,-41.82499358454456,-42.323412411030624,-30.28568790579576
42,-42.499604683438115,-47.45651996252577,-50.04158631891506,-48.0960022175637,-49.15602459702269
43,-34.221779493541206,160.23786200974436,-39.00673573449188,-40.97886938865944,-33.27406104073288
44,-46.136748423956796,160.23778948836386,-65.75292388352148,-67.74218273554908,-33.601945123086146
45,-36.558218674431785,-42.38324231566922,-40.91428219602569,-42.871772330353025,-44.286965570748066
46,-50.65391841689387,160.23777798180072,-44.46208623849203,-43.655048651184835,-28.177823247792887
47,-38.334417559357384,160.23783368915431,-46.34398935507614,-45.177676566603395,-33.8691585491788
48,-36.106523688296264,-40.24427746226856,-38.69463187447042,-40.69400972351005,-38.82357854130998
49,0.0,0.0,0.0,0.0,0.0
50,0.0,0.0,0.0,0.0,0.0
51,0.0,0.0,0.0,0.0,0.0
52,5.906714552969407,-11.242411238070098,-23.703263147005785,0.9943008066521895,15.857786800019209
53,-5.6720041217181,-3.7768279939276024,-3.022070521822446,-1.6934186045914839,11.605134905929374
54,0.6577946710048028,2.6901409248382318,-0.31061388048414784,-2.29229685112546,17.336366023324757
55,4.423714039141744,3.3151481199500683,-10.32406107246915,7.440319093597871,12.670836124936454
56,-1.9425609216024267,7.1315190179640915,-13.315821134750323,9.867447974288535,13.38275539062746
57,1.356114390494227,7.972958639565922,-27.97448686778808,10.955435401295462,16.1448693322528
58,-12.353076556113109,-16.08818181370152,-16.277329295516672,-11.374777574891962,-3.076052375991523
59,-22.06593700559211,6.196194301157106,-9.948618880846194,7.756206559117363,9.003142768847011
60,0.0,0.0,0.0,0.0,0.0
61,0.8047277225593117,-5.553002332570305,-16.48019326150429,1.364403369289736,10.878089151587718
62,0.0,0.0,0.0,0.0,0.0
63,inf,115.20103593210936,-24.79479386349736,-25.23563401015717,-19.680595086663644
64,-6.9280525305242335,-2.971256553305759,-10.816983885993714,-12.77120995188374,17.34510130604837
65,1.462693680256855,-6.564661981595707,-17.245819407791657,-19.10764288356222,11.881249948203106
66,0.0,0.0,0.0,0.0,0.0
67,9.6159681334786,-0.2310521567362498,-19.50233852145623,-2.4071076276827945,20.53357334240468
68,10.379149408196817,1.7983855670565339,-2.332838067238244,-4.057022995325223,15.35643196857521
69,-2.77589049860941,-0.3271673684276699,-3.6083896471928334,6.136823878890229,17.33733600923009
70,-4.132114970788166,-0.5874817862731367,-7.935385028843353,-9.923157102224845,16.046650158015918
71,7.47620640256032,-1.5634021758794043,-3.61405823207528,-5.500200312929202,14.312670105990415
72,0.0,0.0,0.0,0.0,0.0
73,3.1291064178251435,4.087162323367158,-6.8976121978589475,-3.4368964410910863,16.52589038861069
74,1.8431864788066434,3.2125711066011067,-14.967634704307933,-8.842237121445308,13.259971140870615
75,5.153624794535162,-1.2353355788271232,-16.010770756375305,-12.757480508728406,19.041479417110907
76,39.79355845885887,-8.003044045883644,-19.243799161734305,-7.799397722734044,10.633818339768931
77,0.0,0.0,0.0,0.0,0.0
78,49.683870526157115,45.845665151949845,-29.729339833578102,-18.320681017514485,1.4016166157628867
79,24.20625584678033,18.221690133191416,13.366787446136378,13.820204834468717,35.13246801984414
80,27.34699784866998,11.038123687013549,14.24063555938695,24.56272514826625,39.03924718182593
81,0.0,0.0,0.0,0.0,0.0
82,-41.49321264901371,-16.4057092498445,-34.284879396924715,-21.049956563981375,-15.879980064188853
83,-48.39362443227611,-9.346952554634306,-50.207178021212556,-40.79823909856939,-38.22195776640616
84,-22.203884745791626,-24.35972464801728,-26.188224886192287,-26.119452852366436,-16.985284817158597
85,0.0,0.0,0.0,0.0,0.0
86,0.0,0.0,0.0,0.0,0.0
87,0.0,0.0,0.0,0.0,0.0
88,0.0,0.0,0.0,0.0,0.0
89,0.0,0.0,0.0,0.0,0.0
90,0.0,0.0,0.0,0.0,0.0
91,0.0,0.0,0.0,0.0,0.0
92,0.0,0.0,0.0,0.0,0.0
93,0.0,0.0,0.0,0.0,0.0
94,0.0,0.0,0.0,0.0,0.0
95,0.0,0.0,0.0,0.0,0.0
96,0.0,0.0,0.0,0.0,0.0
97,0.0,0.0,0.0,0.0,0.0
98,0.0,0.0,0.0,0.0,0.0
99,0.0,0.0,0.0,0.0,0.0
100,0.0,0.0,0.0,0.0,0.0
101,0.0,0.0,0.0,0.0,0.0
102,0.0,0.0,0.0,0.0,0.0
103,0.0,0.0,0.0,0.0,0.0
104,0.0,0.0,0.0,0.0,0.0
105,-54.01569917671051,-56.70001715343108,-57.95675436427392,-59.66066818566219,-56.20567360163547
106,0.0,0.0,0.0,0.0,0.0
107,-5.759327751722793,-10.401387942532928,-11.147212654487056,-12.968849525082387,-12.168739376234456
108,-6.622828312278273,-5.462367852556419,-6.2422390515055515,-2.6434873638540424,13.64342021488239
109,-35.4809972820746,-26.181973355102976,-36.51286427629854,-31.396536843533703,-2.299891787511317
110,0.0,0.0,0.0,0.0,0.0
111,-21.97537968408075,-23.686122600481852,-30.883385780526673,-23.700117328241397,-0.6529839576297674
112,-33.665979782316654,-1.692400464782149,-47.5207143032244,-36.49291642890334,-2.568829212228362
113,-27.84577664757392,-31.46076659588585,-38.47360702540605,-27.713064070510725,-4.22731586568821
114,-36.945759680175925,-9.501163764590878,-60.279551495184606,-23.575593678449323,-10.472300526670725
115,-53.31963811308023,-33.956675311681494,-55.69189271651848,-45.56187009215192,-7.372537552382319
116,-36.72332621470083,-44.69477268159372,-50.6675594144766,-36.57047653017257,-4.041801179600432
117,-39.43259563627184,-64.91663744872032,-50.29866653461529,-35.99832549992565,-6.1015041086040505
118,0.0,0.0,0.0,0.0,0.0
119,0.0,0.0,0.0,0.0,0.0
120,0.0,0.0,0.0,0.0,0.0
121,0.0,0.0,0.0,0.0,0.0
122,0.0,0.0,0.0,0.0,0.0
123,0.0,0.0,0.0,0.0,0.0
124,0.0,0.0,0.0,0.0,0.0
125,0.0,0.0,0.0,0.0,0.0
126,0.0,0.0,0.0,0.0,0.0
127,0.0,0.0,0.0,0.0,0.0
128,0.0,0.0,0.0,0.0,0.0
129,0.0,0.0,0.0,0.0,0.0
130,0.0,0.0,0.0,0.0,0.0
131,0.0,0.0,0.0,0.0,0.0
132,0.0,0.0,0.0,0.0,0.0
133,0.0,0.0,0.0,0.0,0.0
134,0.0,0.0,0.0,0.0,0.0
135,0.0,0.0,0.0,0.0,0.0
136,0.0,0.0,0.0,0.0,0.0
137,6.941468227661808,0.3374388313179226,-3.536841493211506,13.634588461308425,27.112076316769155
138,19.877391939832552,15.2477573839521,14.163524968822506,18.662639333332706,37.84438525898633
139,89.77399229307153,26.849627132141574,27.237027867169775,37.8713113893466,54.8573684468987
140,68.0854889198177,27.122383559180673,18.712625671942476,28.10321943635522,27.91447334995619
141,95.40097615267904,-30.341067010477133,-58.48833850363022,-28.99684855625049,17.016727478399872
142,-0.7207071468132487,-4.547215970338117,-3.806216447199205,0.8398609286071466,8.582402906949808
143,19.912914100902174,37.81713362977973,30.67659230374465,42.11807353859715,45.68717075404407
144,18.325755124657388,9.560313269175523,0.7424847014254929,9.982044285707472,8.53047059761045
145,27.50818696978382,17.469321142710992,20.09130984616523,20.355873593012415,32.391280088027855
146,33.15455091824845,13.350903013433873,12.72784024259383,17.796233652602808,24.084458388402425
147,81.87754920314329,42.66319190716834,35.30903190018536,47.397731481963746,52.3936229175668
148,0.023283106673883225,0.717361213574419,-0.29573023774290874,1.0404820194987021,-0.4657445304302623
149,-31.10396159518678,-31.775193893429545,-35.0945742948336,-31.789510890658256,-32.82024230477276
150,-19.901828919444014,-14.651943241190033,-25.243469728541804,-14.580844655819071,-16.33089567750524
151,-10.166401881382079,24.67241710792178,1.7501608448179917,27.507296862311428,27.313341501796486
152,-18.104729463744242,20.609277173513625,7.442428118061781,24.14854960899102,26.184763174883138
153,39.53299725675641,30.496515997197637,18.487331480915127,30.71276674281481,28.753081166559227
154,-1.4408698822995145,22.09113457419088,5.670156537248355,15.509489843287673,21.96231388784364
155,144.77121638354743,66.02663669794526,26.41930994151965,76.90909758063331,88.26808004207372
156,97.34858405818912,68.35615402423932,33.331930927786175,76.68464879487021,84.03262368001751
157,2.3582715515449326,9.173056869333497,-4.528637274013214,0.04399714908808949,20.91238323278523
158,5.990485301516074,12.079831409602061,3.421512540336998,2.2417901635850175,29.856778668178084
159,-8.094596998602164,14.399502013659305,-9.680166853496317,8.37060009614222,21.12411329342871
160,-0.8549074403384296,11.963954715282465,-8.737066540543783,1.8579515126584907,22.512013343977163
161,8.471715265844994,4.696889660772384,2.6066613204762676,0.6106150457961519,19.668252471591472
162,0.959326094357122,-2.3886223143008785,-3.4147035659622027,-4.521698492650513,7.949186528112339
163,-5.4027479283695,9.969232367181785,-2.863106749116124,-4.862638066857734,25.39128351437334
164,-9.831234188722025,4.0186193491379285,-11.710145282631139,-13.613594372464455,20.932711854715905
165,8.688086023260933,7.6390855103403315,6.732628649107543,4.811184735621502,19.771115500835652
166,19.00056781615828,6.363904203760859,5.311070297415485,18.443872293131236,36.702348326082024
167,13.452238546871664,2.986790018307355,2.607045802152607,2.585901078709021,26.7925394064653
168,-12.114061949858996,4.8834353680657,-7.29737835417666,-8.823215342409954,23.028103519998687
169,-17.29921762015727,-5.041010448620051,-17.010397349567796,2.434635947573673,15.511431162267987
170,-9.16962164008104,-13.67505906143742,-15.988463456106306,-0.2759817956791002,16.22960998157499
171,0.1455316483878839,0.5329062423754332,-1.2403467319738386,6.894844252655974,21.542916950196627
172,2.401797060319046,-4.670890320222288,-9.877375065762976,11.190354343326813,24.9528715466005
173,8.672243469990828,6.892438805027341,6.652403375801717,8.647915686871613,21.45273140071096
174,-5.959391350685259,-6.992439028959172,-16.80131417607854,-16.866945161019295,13.476530305975654
175,-9.808668470117567,-8.375135860292469,-11.910346748065763,-9.814549247437977,8.693240142858961
176,3.6236952940246248,-3.029654911818758,-4.437972674404968,-5.732125169221542,13.6653303151094
177,-10.519895761239631,-5.10363596838754,-22.321413749099612,-17.30073852533582,14.43563377250374
178,1.7153055958684327,-3.131390387342446,-2.0143199855225955,3.183863059040759,16.466813910893073
179,-7.974193226938404,-3.8641504514182756,-8.332944528946364,-7.074155263427116,13.214117434927347
180,-7.229753055391484,-6.78887460911009,-8.365413633778562,-5.818842231737943,11.31672050622182
181,1.0863248323785761,4.120666415919956,0.33610183298938523,1.7804482518491476,19.761405095050225
182,-1.9720536329132248,-4.883334255035535,-9.212013174313892,-9.938281867974624,11.874772467084034
183,-16.24502384208831,-11.389461757328984,-19.20705576926634,-21.031675195137552,-11.840886369915655
184,-26.84240378085115,-15.574108496456688,-31.277636716922977,-29.224090187102163,-16.284611925230116
185,-35.23812932501379,-13.831148178582687,-40.79704107863594,-32.06541523186809,-14.632627188242623
186,-32.19155642290745,-20.693135914153704,-36.55254147605139,-34.179740104373536,-21.051049732431444
187,-38.53010901067454,-15.029913757954887,-41.77222489791456,-37.664980222023054,-15.508082139926497
188,-42.75151760894138,-11.752350880963697,-40.93176617856443,-35.63405992725918,-11.981264417261446
189,-27.670945897163115,-10.642658882663287,-31.1061585110006,-31.671376373457306,-11.367597524260674
190,-30.956390779329304,-15.876168357396775,-34.84899696239986,-35.14463999786246,-16.335116252915384
191,-40.44617285612528,-12.662237036073225,-43.58971481650157,-36.25873319876788,-13.107687913034386
192,-32.2978216129956,-19.472236966885937,-39.36091730600343,-39.0835748693315,-19.522018926377584
193,-25.72497363261244,-12.623079997144902,-33.21960725366527,-32.07940508563125,-13.704065728897277
194,-32.199263560089804,-13.38579586562141,-34.57279062066797,-26.00700706822603,-14.588680548658303
195,-27.83093700722649,-27.839291271402082,-28.498871788107394,-29.030278111097132,-29.2620786365284
196,-38.59813645179696,-28.40347498486652,-40.009947566598775,-26.457220927398907,-24.942333525786783
197,-35.98839501912056,-29.233951185687104,-31.646904729071736,-26.633715267950578,-24.31215798212083
198,-26.61819798616802,-31.26571660396138,-29.027861647229166,-28.069655702183624,-21.97559497285485
199,-49.89495728903441,-35.131953708858894,-41.674903041939714,-36.32773120171554,-14.936105875468186
200,0.0,0.0,0.0,0.0,0.0
201,-78.54748930087132,-33.866192143846504,-50.1383974982484,-46.31930855493625,-16.096740924101326
202,0.0,0.0,0.0,0.0,0.0
203,-36.348577485118774,-25.113995275737498,-37.647853426960545,-27.149833914239828,-6.231383788985333
204,-35.390982120346834,301.4196986084878,-77.2782768951159,-50.07966557650928,-2.9031177980393705
205,42.20196603623616,-89.10723665435326,-94.92877470959321,-79.59044807917867,-27.926551574017637
206,4.365937273129602,-52.372582437788836,-67.40570919155536,-69.26131077316676,-50.24357688669522
207,-48.64533114476651,-50.680785573361916,-52.94902155784978,-54.703092359164515,-50.931734212943425
208,-55.01397296877742,-48.44679833044,-59.836690758805645,-57.39280829416315,-47.638538926554915
209,39.5995667432753,39.53419877843518,38.49135775413073,41.00193317984145,43.60427099450479
210,21.947569119972137,22.804462883329826,17.377622716638935,25.338439038394867,28.275730819713136
211,28.202153715172443,23.90605338264046,-1.741427441892231,22.936287902996618,22.165058586164264
212,37.495223942799086,9.60218883862899,-7.698372901349664,9.423382782797391,7.796222480132788
213,0.0,0.0,0.0,0.0,0.0
214,-69.05006409429271,-53.13821546265643,-71.11324697301913,-72.2560233287601,-49.593324111719724
215,-25.05936826862714,-26.12566854256343,-24.75591680953736,-17.155050130272663,-7.872204834726357
216,0.0,0.0,0.0,0.0,0.0
217,0.0,0.0,0.0,0.0,0.0
218,0.0,0.0,0.0,0.0,0.0
219,0.0,0.0,0.0,0.0,0.0
220,0.0,0.0,0.0,0.0,0.0
221,26.166658925504315,21.30898290290869,22.53553527554198,20.840761083157023,19.881353407545546
222,-28.889781869804615,-26.375056879713895,-29.06018470635115,-25.91312644422306,-26.606047936159968
223,-20.357716019628583,-18.264915926588625,-29.980130482724633,-22.349039166387016,-19.320192717587748
224,-20.03783872416441,-23.516243248516716,-28.212608980569847,-30.18667960816591,-24.929195790557003
225,-18.69209164617198,-23.187942417762976,-22.788129206839056,-24.740621640094812,-24.736281624534598
226,-0.8887860205356279,2.5327969691282783,3.788869874627654,9.718703602269263,13.436003572001727
227,0.0,0.0,0.0,0.0,0.0
228,39.541487507758376,28.876488572209727,29.316895358226734,28.74678669059188,28.173332646630936
229,76.98156666898282,8.472300875930374,-5.16765220065848,8.33223863199481,6.557084701682241
230,35.78900938084045,31.833197387413097,32.21689457398424,30.804303050026537,30.28419799465298
231,69.47415250285226,20.00348841993555,9.403861965076791,12.586633647031583,18.399823907131914
232,16.496630478479762,6.088859095157843,-0.4499368644573565,4.853680444760636,8.162966711270592
233,79.45900581817001,32.82367587000198,26.09216336361792,24.674640623923295,31.463397075609873
234,-18.496681787002117,-24.202831024089225,-66.84238561116936,-25.978644411099737,-26.008072761091018
235,-13.419935851333165,-19.162384326805977,-18.141601058981685,-19.191463888663492,-21.144047855701672
236,32.458705789758554,29.37812582363643,28.937517180633712,30.246229332854508,32.237053913532506
237,-38.46473333682175,-17.871682425790613,-18.194991067495998,-15.50345985782613,-11.489839009087614
238,-25.967177209644994,19.257584866617727,-6.753403772255185,22.2767162613342,25.13450168683873
239,-16.689437753192998,4.645972422048084,-20.76035098359536,-13.174272586303246,4.004226738553914
240,0.0,0.0,0.0,0.0,0.0
241,0.0,0.0,0.0,0.0,0.0
242,62.444071584026325,35.10605880791193,16.48171544202652,24.494238148605533,44.33776036396716
243,-3.307607990027975,17.23644832870953,-11.681526751551871,13.22586508800169,26.62131765437255
244,0.0,0.0,0.0,0.0,0.0
245,0.0,0.0,0.0,0.0,0.0
246,71.73499546394936,34.330901763189495,34.717842182901634,43.73156003123873,47.32352401935902
247,43.0857072119783,-4.298483557821793,-26.482796792456774,-12.178863395477848,-5.016269377803887
248,0.0,0.0,0.0,0.0,0.0
249,0.0,0.0,0.0,0.0,0.0
250,0.0,0.0,0.0,0.0,0.0
251,0.0,0.0,0.0,0.0,0.0
252,0.0,0.0,0.0,0.0,0.0
253,-85.23707429462675,-90.4847708937869,-90.31504220639333,-91.35392630880031,-92.97910078183422
254,-48.49130225762817,-53.41513954573106,-59.17919657507923,-56.585044229160594,-56.03744358869769
255,-33.04919718569004,-11.79590032319922,-18.779087071859806,-14.631186248885953,-11.97193361328756
256,-36.438002468551964,-30.701999971468126,-32.75132697256828,-34.02239007145921,-17.012471288957528
257,-18.041498834706328,3.440355372458163,-5.923515690313604,-4.31667051417017,5.811462163414868
258,-24.718784189333654,-1.526715333961901,-7.053426782745982,-7.72057765557887,2.15137002706218
259,1.2461671914469008,4.712053967890723,4.543921918922774,3.1589871644510072,4.476593958418386
260,-24.78803558165209,-7.988231336316858,-14.161619981138909,-7.012944684390376,-8.161543861904187
261,-29.807874678369565,-26.476485058830065,-34.020047329699466,-25.97595261456013,-27.420423184056087
262,-7.3199054596477,2.1884984803969134,-11.38673799923248,2.890757049163888,2.1007264951480433
263,-22.43712149330785,-12.851619487552448,-42.464996139599975,-8.525809488359178,-4.962551922412352
264,-20.645864390922917,-11.187010161599755,-15.41189356332034,-10.706225321786807,-12.247296030578024
265,62.059519051015116,36.79282562365111,33.56788697269391,32.68941626715299,45.3680376453033
266,26.706842397084795,1.0036378375097916,-5.037542924830346,-4.54049760003242,18.687082744582046
267,48.415746454168605,-1.9370432060065514,-0.39199627022590455,-1.7834439690497934,1.2934171477387575
268,81.76758246568137,39.88416484617189,38.33988062417076,39.289676778233506,54.97344548611305
269,53.98825688004275,1.1714982174349169,-3.168183315247081,2.0210728914793545,4.3086527368145155
270,93.0414184705246,192.30369370332954,38.65555474090744,47.61178257397097,69.62707692595662
271,0.44762512231459084,-6.187466968281942,-5.371581595612485,-6.254690546520843,-7.720293109037641
272,28.763494566899958,5.120952538108152,6.483161766591815,5.814979290666728,18.872434562498118
273,79.63489946743258,41.51449833720258,41.18546839716729,40.05981530560462,39.944798947598414
274,78.67723929910727,19.987525386359692,13.050571932160338,19.978826200176414,18.60485157756419
275,0.0,0.0,0.0,0.0,0.0
276,0.0,0.0,0.0,0.0,0.0
277,-156.04316179505457,-165.81041595160593,-164.2469907196025,-157.38865131731615,-113.89054670250658
278,-41.974207359044534,-46.65239903689877,-45.14181924865891,-46.738870893263204,-40.893058151878954
279,-37.50276636739494,-39.01924016808977,-42.30238307127924,-37.33233163464127,-34.91382819149495
280,49.14553778117288,44.823689130156325,46.06686765764358,44.87482442242514,43.145004002441354
281,-10.865418143748787,-7.012929592073817,0.1017152490045099,2.350501188021824,15.199851942906696
282,-10.231012350172033,-15.11912732726628,-10.363760194461122,-2.9824249007144594,8.977977714385377
283,-12.627119383689344,-7.066768480928372,-12.814210430328089,-3.809263982781193,7.325115088669463
284,-23.169231939803055,267.7947624489682,-23.909348077071613,-17.4487240662609,0.46490240624421464
285,0.19297179036055212,226.73349074162803,-13.687610179416097,-15.507344177277261,9.326537079980813
286,-21.06394132924885,-20.618504808571103,-22.85097552021852,-22.052132457890437,6.756684949177231
287,6382.115066433724,-3.6588373744661187,-5.792330540780881,-3.085568699918367,5.40326792365256
288,-9.087481107861883,-11.231484387107677,-14.830519002072805,-2.5711860572475587,2.0169677964383608
289,-12.57632951846832,-4.607534642549389,-0.9571510977706321,8.52782823135408,25.111049447317956
290,0.0,0.0,0.0,0.0,0.0
291,0.0,0.0,0.0,0.0,0.0
292,2.4870968745417983,1.3863304867009347,-0.6124836958845954,2.3276959158376576,3.325499202636979
293,0.0,0.0,0.0,0.0,0.0
294,0.0,0.0,0.0,0.0,0.0
295,36.32389266432594,77.34695609639137,41.946554893880474,56.27397879028553,57.27020033319297
296,-10.23033595536645,-15.651165205761153,-17.895827884251833,-15.459141097606686,-17.426589282989127
297,18.581276528963045,16.290290032294116,12.80032894753209,10.808366303032816,24.486524387090718
298,-26.835552143442087,-32.53479814497128,-38.71863885154681,-35.123263563367196,-34.68012607699984
299,56.44674658075599,42.84350789345993,41.64239744909493,41.25343748425377,48.45624794520758
300,-1.5744177475393553,-10.20488189919941,-4.088217251986498,-4.931972929464466,3.8779717476407978
301,88.629555273238,89.18028809606247,85.52277116023475,88.0112268581264,92.56506463736056
302,0.0,0.0,0.0,0.0,0.0
303,0.0,0.0,0.0,0.0,0.0
304,3.4556733397475305,0.6690563095201121,0.33396578248600584,0.6761511026901399,-0.9142208539135455
305,4.380212800526416,1.070110467448428,-4.666425264396805,-0.0998640019109942,-0.795163384161147
306,-6.264209710738093,-7.285792647574818,-25.690397088441692,-19.854512027079036,-8.881508234443027
307,-33.161399167112734,-37.82947426442035,-42.41257506034431,-39.87400993288405,-39.51834984494051
308,-27.572434830602106,-1.8163885307839394,-34.835327289133744,-30.070654966367258,27.227765581443062
309,-7.345610528917934,-2.8117905904252183,-18.31603304800825,-20.313876867998502,53.59546562737458
310,18.490196968008984,3.8504054357107873,2.1561253904584454,21.380666483998688,69.37999771702195
311,49.98565398175586,33.04678898514736,34.93470068315258,33.212549435602824,37.468402447594585
312,32.39895781223156,27.68731603716082,28.331195764415543,28.226109439387365,29.83691709817518
313,0.0,0.0,0.0,0.0,0.0
314,0.0,0.0,0.0,0.0,0.0
315,0.0,0.0,0.0,0.0,0.0
316,0.0,0.0,0.0,0.0,0.0
317,253.9813251132307,336.68065721497453,261.2607602831213,261.34968693632527,529.4107955019819
318,0.0,0.0,0.0,0.0,0.0
319,-61.83822208594019,-62.46984875072735,-65.5628949156895,-66.48650890196105,-62.83665583157672
320,-79.96217377617567,-78.61177039531252,-84.84678723516443,-86.7426774601475,-79.54592740015521
321,-6.007328214725941,-11.441847259901785,-8.936242744078953,-8.182594555750667,0.6235544822410515
322,39.86531989859513,33.870123028150104,35.87074532144473,33.91392882046499,35.57156902586284
323,-56.12057682524875,-37.80892999911636,-57.29006255849319,-32.58805168108577,-23.75297281887063
324,-60.50944782474329,-48.64927500930084,-27.118617885324177,-21.537585055326463,-9.104708646320953
325,-7.5333390400304765,-4.9690228361235445,-8.847117243275683,0.40457109616460674,15.938235493335151
326,-12.242629513582642,-6.399087108634468,-17.614434046193256,-17.806629789188126,15.72653634127413
327,68.13549709137223,4.985126752025956,0.2896294797572745,3.087722304453209,12.926781225231258
328,-19.170527555285073,1.871949245738361,-41.43365640988288,-0.4875737267431566,8.106589250127353
329,34.906034897978046,21.23875808524958,13.109651416657876,21.786400874966017,21.367115767629294
330,-6.2257048648873905,0.016260582796003398,-17.843853857598614,-14.601300943507315,21.492968025510095
331,11.771030396029541,14.41251037671683,14.554177592838041,17.041188044140025,31.522087551723686
332,-7.657033806230277,-2.2233245779719812,-5.018661512431491,0.5897387769725331,26.332241749420415
333,16.162611077418095,18.83463623150216,19.34318360689843,18.473706078843062,33.781014700975916
334,10.56831965791191,12.902334358509655,10.854298333329838,9.09561120555178,26.309460854749332
335,72.79126739774588,24.469534891893815,11.04986154202913,24.783347499089363,23.122183888812124
336,-2.8264326065614274,1.4778107062825896,-2.270542499658312,6.852447033341585,24.590842531143025
337,12.010324215613394,17.65094406462793,13.938906094286882,12.217915964901081,20.77855053319226
338,22.01911449177645,19.512625058663183,18.057279936362708,16.183354216373203,21.628635926879877
339,-49.52768646390243,-46.45209374698322,-52.74353131049117,-41.887038760539646,-34.04551292575105
340,-89.16718540462598,-82.38135030209176,-92.83760628325008,-76.85721537143621,-65.78481843190504
341,94.78718398066897,44.53448206514996,40.33301074162726,44.49050217951307,42.64529817662137
342,86.0433698653802,41.89438711014757,33.46369597519494,35.57955622523116,40.6854907098238
343,61.79300079818809,56.30052384140617,57.74011677021967,56.05148358245453,55.969074625544586
344,0.0,0.0,0.0,0.0,0.0
345,0.0,0.0,0.0,0.0,0.0
346,47.30347937901108,57.805534567721836,48.75224622270844,50.55858146190526,61.3144968746415
347,0.4356195260544453,34.481267455310295,28.666251800676047,37.134796221465464,53.93411860584744
348,4.680501347629021,34.082612302796434,31.129732533732945,31.762311233554183,47.03686695801269
349,28.016461015929984,22.846765072671214,24.63333618006982,22.775118412146732,21.185438433592196
350,0.0,0.0,0.0,0.0,0.0
351,0.0,0.0,0.0,0.0,0.0
352,0.0,0.0,0.0,0.0,0.0
353,0.0,0.0,0.0,0.0,0.0
354,0.0,0.0,0.0,0.0,0.0
355,0.0,0.0,0.0,0.0,0.0
356,0.0,0.0,0.0,0.0,0.0
357,0.0,0.0,0.0,0.0,0.0
358,0.0,0.0,0.0,0.0,0.0
359,0.0,0.0,0.0,0.0,0.0
360,0.0,0.0,0.0,0.0,0.0
361,0.0,0.0,0.0,0.0,0.0
362,97.0301251452327,88.45701430356851,89.98677267979984,92.86150684845457,100.16214853872681
363,100.70384766243721,76.523622566026,76.66817050042245,78.52779239412729,84.55940100760301
364,-36.948956850351905,-8.266169192515266,-36.73714688652073,-31.446734550070616,-32.29864377058595
365,-34.91300933687948,-40.443955269631715,-38.26138084916127,-38.7076035934045,-31.79552489166401
366,0.0,0.0,0.0,0.0,0.0
367,0.0,0.0,0.0,0.0,0.0
368,0.0,0.0,0.0,0.0,0.0
369,0.0,0.0,0.0,0.0,0.0
370,0.0,0.0,0.0,0.0,0.0
371,0.0,0.0,0.0,0.0,0.0
372,21.44922407781376,14.037496560595736,7.661781658215481,17.73553145956061,27.916661014839555
373,44.005479545940915,49.03042320928151,33.12754822044337,36.29589926871742,34.66555363644054
374,41.781614594948174,32.89720145154582,20.22004503776585,29.045557093870304,32.20401896368024
375,29.49256235438926,52.15739550631206,32.41682793336601,43.415903187051036,42.62093178929977
376,18.03177088778301,117.96031086883964,11.875310068904476,19.128332372171776,29.57713038088277
377,4.218587186828429,11.910464985272016,-29.398274519916477,0.5101291934859562,10.520590272146476
378,-10.149776894061048,30.008215831629464,26.53359493931363,24.871384523490953,31.251156629351375
379,-11.887380901162253,-5.089756730894916,-13.32646459534745,-4.513515609125291,-5.269167305576746
380,11.323672793229905,38.36821965465828,7.177715272034391,21.60860302669907,29.965495209713655
381,14.664601986993423,14.316399433975185,4.271870428068659,10.756109702434452,12.726645062342197
382,8.181598046498618,118.56419085083299,13.654905155411726,11.669964675267511,24.79793974503281
383,0.0,0.0,0.0,0.0,0.0
384,20.134390066596588,17.00968516585237,16.47482826993886,22.236817068914828,33.25531337636396
385,9.067943479123995,9.990163057020368,-6.08390308440239,17.523929040674744,25.99352790652615
386,59.17913128076982,16.57827362681957,18.663599665271235,17.25842207353833,24.883196039311194
387,15.497930237920475,19.905178271835762,20.025959680214072,21.689601240627283,25.140321996361585
388,11.342515399095426,12.13172699560348,15.347726861911616,19.35942886443925,24.924230677758565
389,52.73145040733186,5.436963582188465,7.318208969009946,5.42395774989742,3.907222685644379
390,12.000672238140796,22.01877146608389,19.854490034325593,24.222885690599377,27.61383282106772
391,4.923379436237105,18.654829715143656,18.085905185235212,23.169176244097763,26.657827460968775
392,51.963015201061744,-9.463628298104847,-9.693591566466946,-8.461145700672983,-5.9436561435751685
393,7.796268800941364,7.396729048936088,5.229572590158494,12.94494545824031,23.29589944684961
394,-11.60145260163375,-2.8737496492440577,-4.330527793566127,11.828775670943426,22.133002300119102
395,47.959030526622094,-0.0872564397319966,1.6211053972795728,-0.2735297928866238,1.6527727836775328
396,25.92656342164021,41.40316469272567,42.714231450912514,44.57073853586954,46.97420467729179
397,17.10192796595584,40.63684424561832,46.00883088823417,47.210688840781984,48.91372381493447
398,68.91394763942617,22.7560241948948,23.413014917453943,22.75163669228309,21.32133996498871
399,29.97171633290112,40.1082143792591,42.58944113787286,44.21654599764382,47.72501749271652
400,14.401904367636758,38.20939298240683,44.1414344695753,46.252172227969794,49.04004446176546
401,68.6363068733528,21.675074009941234,20.021787178722317,21.66598295363545,20.48112425682067
402,30.594622877509504,33.71590380245428,36.023957228075695,37.51297521135485,42.7850593934977
403,12.789519578568937,32.598624927661675,39.505120837199506,41.1471904423876,44.141944484457696
404,65.47772707934305,24.084733612653263,24.128997403988304,24.031102882929268,22.033968679700095
405,34.365932824469155,33.25654828644991,36.59524383488602,37.62602470431033,44.50296658951619
406,31.35209937628219,27.75607887356463,35.27327822966136,37.58322439858688,43.535319459080505
407,60.58172660674866,13.561964236264135,14.025592237000803,12.922851579553178,16.252425922836636
408,63.73070127998976,48.20096579269041,44.32670211442994,55.18418817007821,64.40862553210478
409,63.46503879078291,143.86868951059498,44.936573269581714,54.24086897677377,61.80794307679811
410,40.345958990117666,30.362987359091118,33.739868766911435,32.6690120829967,41.69911169468
411,22.863294624248752,34.520558759629495,33.99415690609072,40.86127519432158,45.50134463690543
412,2.74236686631275,26.690789200369064,28.97306664160492,36.86980638118733,41.466933858470846
413,56.81089320746298,22.777666672218913,23.433073034806444,25.29210533586068,29.843283135585857
414,25.86011874103883,30.262616253551514,30.40436088996163,33.97125645690137,38.346046863483146
415,26.556290045144713,27.38608224044513,29.19083753284194,31.08778491444366,33.272306891045666
416,55.71528584658031,11.653314933080011,6.45240079707237,17.555172279959326,27.049459464142608
417,28.082541477302783,23.20098944175595,25.92035370175351,28.96523327823848,37.726365917109796
418,11.447449301292524,18.580401899413285,19.695911855338032,25.786438936585142,32.17228038097558
419,25.85010025017721,12.668526728286503,14.283357182294154,12.480706899250716,27.273188464131103
420,31.60583216911894,30.732822088300374,32.52682035027662,32.84480074017615,37.49634514205343
421,63.3262189737319,31.211025836369277,32.12572799720802,34.89295981245884,37.28547684045784
422,58.75720973389872,19.39441347466379,9.981333730908,18.72581424471279,19.014661373313544
423,-49.602097825465776,-45.005991676245756,-44.4172000249537,-45.94715987358249,-36.21536128894126
424,-11.733683461257215,-27.201779220558116,-22.982298354268288,-24.475294869690934,-19.738205692575526
425,-38.319413672887435,-29.43253516679907,-37.01268570413829,-25.61290439803755,-23.864283980337333
426,-39.30437615483126,-43.28099518706748,-42.752163396541334,-42.30519983614701,-30.333914139732343
427,-35.41131262185615,-37.54278489878066,-37.744329149081814,-39.715468260038314,-32.407402251837205
428,-52.48495329547818,-33.58835965985611,-50.97341680168762,-49.31486734089809,-21.45741143844262
429,-64.75522787358518,-50.99218712920365,-60.228439752857525,-42.907784248627905,-31.23282097983848
430,-54.738020811714094,-61.46583208446408,-63.56719084469488,-52.24169034825922,-27.432120723009845
431,-26.50701520394697,-33.56237139104668,-34.980815849202564,-33.56446829367345,-35.454504081635434
432,-73.91937875192913,-76.1121299093146,-79.14184379364401,-72.85986967324958,-48.45117868861577
433,-67.18608314030463,-48.544169765888135,-54.537074169256606,-50.1982468446789,-31.542233903569233
434,-64.66374465172314,-68.99656058416815,-67.59527420585714,-68.98174562802905,-58.989808443858266
435,-41.82485174614433,-31.853825608786394,-43.11652336858967,-30.089539459815853,-30.080452506333728
436,-37.489588981177064,-30.312184355516493,-43.66573263385984,-29.47446702214325,-30.60536829859973
437,-54.495130721595686,-37.598520779067734,-54.20299205843838,-32.75795228424168,-26.32476857094801
438,-49.54201514863865,-41.312259258592874,-50.0753721015959,-38.473890083117674,-36.77099866266291
439,-53.76181628004389,-38.828098804578985,-58.94809790585977,-32.83251265160991,-26.796008052554555
440,0.0,0.0,0.0,0.0,0.0
441,0.0,0.0,0.0,0.0,0.0
442,116.92558884014697,91.2528464271337,80.11382283633907,98.09391459766343,102.12429012721773
443,112.72244226155757,79.9186721010055,73.50468001165524,85.16311084042259,96.8352100814943
444,102.98396140723798,82.29667097922265,79.47901390665868,87.77880245833063,89.80161392373354
445,93.4753018317341,70.82007293041252,64.26826081360933,73.48141577834232,75.86859377987236
446,89.28043311286308,72.16864071880082,63.71069433772779,61.730129679785016,70.16565881167823
447,61.940831856568295,58.08878722887776,52.930710311801334,58.98879143397555,57.83870859659473
448,77.60565699135113,54.08111872348333,41.46301440173214,39.53688031335585,52.733700823193026
449,60.91273766974656,54.99292124188878,56.4420196625924,54.4486142723414,53.04865653235393
450,98.20493653384626,66.27296416267467,63.66005936246563,76.83823299722899,83.1868056282186
451,95.50101609620384,67.2727723118638,69.99012050893224,75.96691071457212,81.41017105108276
452,95.42959297607408,118.25516183958324,58.67801390230232,71.76300721286405,80.13492445687916
453,94.41986567812883,71.0451207464762,64.64168695665042,75.0399939254186,77.27844320601498
454,64.13616315579746,58.11778847684852,37.946920595740934,54.50498504577618,56.13627470058126
455,66.2825841329187,60.50612272429251,41.98444547419461,40.09111341245906,58.63687981251633
456,64.4521316826791,58.39703982574457,60.399956189226515,58.40003466419858,56.81658155598576
457,79.90801833801332,57.262358569018595,54.88852209655129,56.2303821502758,55.51469165265135
458,19.10474376183253,19.795478001819383,8.568786803808553,13.567855208425998,18.844484848690144
459,-16.49526774702752,2.6900449033677516,-19.808654310417445,-20.832434274529874,2.3857030731723836
460,-8.541073708350133,-7.271713780822669,-38.118562135534006,-31.17953397220804,-7.081935905204832
461,-20.453194759188335,15.9894291069486,-10.090140741646561,17.970966582435018,17.697764325487768
462,-23.98602607777842,13.611689636505908,-10.305850525862034,18.010641603448477,20.039973278385272
463,-15.748056436249872,22.005908766810354,3.5101370577650943,28.214289050750043,33.39347754544053
464,-12.219857306307318,21.82650411936166,4.442192492349605,29.210664008101624,34.1763952576447
465,-19.72234299633867,26.217540372966013,0.5221486187642608,27.223787531599545,25.618555693592658
466,-21.203833766949295,19.093960019415356,-4.846449048276895,21.142764664018188,21.057835223534664
467,13.88125925674838,32.425509624754,25.634936913985367,33.75783961856881,33.375138951376826
468,45.70730609355089,27.75934734096097,16.846474980537252,30.384157148020886,31.874043713962777
469,112.86916305329939,62.35054336850193,60.460366315648486,62.72413212751162,61.147844187976986
470,126.89036948059339,70.5244887734007,57.2519129466849,79.25251283215012,88.82926853868425
471,98.61944966937524,55.883205601305924,49.31383037318806,50.75417008545443,55.42323302250948
472,100.16636383288902,50.896671728825936,44.853021533596454,52.995886057102815,55.853415916545046
473,49.39323878625037,47.93064546617535,46.742728352068596,50.62298512445911,60.36821311514743
474,82.91586698020382,47.3957058866591,40.56658160171527,45.9996478965947,46.03605243477742
475,54.23474410716862,48.220612303853166,39.345862266786725,47.95925467295817,46.35876569690224
476,60.339545628770075,48.01927996241258,48.76638346399046,49.10646331546655,50.6045013982244
477,48.835488192511626,44.92928024394592,39.4443853370449,41.0229548319162,43.452131914242294
478,0.0,0.0,0.0,0.0,0.0
479,0.0,0.0,0.0,0.0,0.0
480,0.0,0.0,0.0,0.0,0.0
481,0.0,0.0,0.0,0.0,0.0
482,0.0,0.0,0.0,0.0,0.0
483,0.0,0.0,0.0,0.0,0.0
484,87.00864558183707,66.41573105048244,68.18561300071184,66.19018933713139,64.41518848317162
485,-48.85287460854174,-38.29459225712217,-64.52835321424882,-55.0596080026651,-38.630695214020825
486,56.71791271307802,51.0800929757099,52.76584783614406,50.882491989968536,49.56945855902077
487,-22.45242603471199,-15.243778139943572,-43.36375742384782,-38.54645182166896,-16.137620215015676
488,57.59287409512567,51.65407507532264,51.915394474306865,49.92305752417327,49.662576045381705
489,-26.187722962814924,-25.354553219180495,-33.59959237132797,-31.49330843903043,-26.18348175927379
490,0.0,0.0,0.0,0.0,0.0
491,0.0,0.0,0.0,0.0,0.0
492,0.0,0.0,0.0,0.0,0.0
493,0.0,0.0,0.0,0.0,0.0
494,0.0,0.0,0.0,0.0,0.0
495,0.0,0.0,0.0,0.0,0.0
496,0.0,0.0,0.0,0.0,0.0
497,0.0,0.0,0.0,0.0,0.0
498,0.0,0.0,0.0,0.0,0.0
499,0.0,0.0,0.0,0.0,0.0
500,0.0,0.0,0.0,0.0,0.0
501,0.0,0.0,0.0,0.0,0.0
502,0.0,0.0,0.0,0.0,0.0
503,0.0,0.0,0.0,0.0,0.0
504,55.929357921452755,27.694224290667385,26.287135422254085,32.24103618135415,36.41419448594035
505,15.198529283288215,13.38922199427929,0.329685551335853,-0.9868452508177601,11.957959509302093
506,inf,17.64812179789252,18.064673572906635,17.574236530209788,15.867763168301117
507,94.97065749976511,11.927453609511458,8.9905383043947,8.780671588726035,10.588098285482577
508,95.22723436845472,36.71170177210855,35.74740067479811,34.58965800520541,34.91069934919633
509,25.997040485876838,20.051183099690704,11.276167100922825,12.378049464682274,17.98006419991866
510,85.2394186032868,37.25287834031863,39.24534029162281,37.25156484210747,36.321618475534294
511,26.22356223536138,21.487860523841974,23.015867007138088,21.183915648840653,19.6273386210475
512,40.06203618291323,34.54962955320184,34.030047413482805,33.8501424678462,32.80198336854461
513,25.787505149981378,19.77821828462396,21.647049545751265,19.77664310838675,17.78613288525876
514,95.14238242279477,48.57905506466151,49.62893963121975,48.59085622830218,46.59553994541963
515,38.189305916198876,33.87250617253754,34.51312879436446,34.1085068301447,34.06927505834794
516,37.56470831181798,34.54156016989232,35.620803749469026,34.584224727351994,32.73357537777448
517,94.84626230691099,20.29719028846815,19.832674001915493,18.294606713159016,18.121746361849773
518,94.49780311334467,42.19845986383097,37.99143070844921,38.77722015473569,40.00752128442106
519,-928.5357680544407,-907.8670990727813,-940.5526458579951,-942.286086491707,-904.775250223267
520,123.83067236281059,73.0957693746006,44.090059853829416,43.55342631002479,73.81107692852495
521,,62.688398657498965,48.55491475494435,47.334944499237224,61.93885985173961
522,-133.2452568836016,-118.77004368466028,-149.67036227983024,-135.44965098046154,-116.56594247312455
523,-1413.042435177264,-1391.1740527673892,-1404.8654844320483,-1384.779462353033,-1375.1622080860018
524,-1180.713229661407,-1111.4547580854269,-1125.742963987537,-1091.5413952510316,-1059.37022733472
525,-315.76639910142586,-317.75896646301527,-319.80423841256544,-311.86893068859786,-298.3285299382188
526,-1567.5207016223237,-1566.5003319318068,-1574.569377102319,-1566.5681766220541,-1568.3368925795878
527,-1658.4263219656796,-1589.9080384493275,-1642.3631503228933,-1643.1394353589399,-1547.2078616606939
528,-1254.7867002404398,-1216.322348150672,-1230.0371656684388,-1226.9629930439214,-1216.271506382034
529,-740.1832930838366,-702.2094897554459,-732.6102936365078,-726.0211676947612,-646.971756739352
530,36.08275767187208,38.76317775329682,38.09816405577101,36.346837004978354,43.720078653528226
531,31.52912504104894,32.19611972995077,32.92869357585312,31.027047026376753,38.76830012280945
532,59.476741139897456,11.65070774633698,1.5555944366996908,11.93760041179387,10.266823274329932
533,17.577728986618936,15.539057853411382,15.080118358121549,16.844845413713955,30.093746841093658
534,93.8241619406617,86.83612719610475,87.02153942985738,86.63345282881748,85.00960579833044
535,52.96039836185529,9.553575784095376,-12.947663388109163,-11.768319959407183,9.387590565528987
536,-0.8157835041972135,-4.240932649761477,-2.642904154553081,-4.4627272557650315,2.037749203988704
537,0.0,0.0,0.0,0.0,0.0
538,0.0,0.0,0.0,0.0,0.0
539,0.0,0.0,0.0,0.0,0.0
540,0.0,0.0,0.0,0.0,0.0
541,0.0,0.0,0.0,0.0,0.0
542,0.0,0.0,0.0,0.0,0.0
543,0.0,0.0,0.0,0.0,0.0
544,0.0,0.0,0.0,0.0,0.0
545,-2.42446444666038,16.939361075081145,2.762079130742733,3.250578361229726,17.38985508344212
546,2.883278659857867,18.636571266650584,-9.821739990798047,1.378441549235358,18.709109885074195
547,0.0,0.0,0.0,0.0,0.0
548,0.0,0.0,0.0,0.0,0.0
549,0.0,0.0,0.0,0.0,0.0
550,0.0,0.0,0.0,0.0,0.0
551,0.0,0.0,0.0,0.0,0.0
552,0.0,0.0,0.0,0.0,0.0
553,0.0,0.0,0.0,0.0,0.0
554,0.0,0.0,0.0,0.0,0.0
555,0.0,0.0,0.0,0.0,0.0
556,-12.613698111266487,-33.01669888366436,-33.86968863796824,-34.24024327307827,-25.895055997861704
557,0.0,0.0,0.0,0.0,0.0
558,0.0,0.0,0.0,0.0,0.0
559,-24.81260331604843,-21.608170738983063,-28.995175649604413,-16.92523691543931,-9.934838798847833
560,0.0,0.0,0.0,0.0,0.0
561,-9.437999524108598,-13.820161861905994,-15.062379295705014,-14.220587528099657,-14.70148120217818
562,-2.4199569973785344,-7.229580393715327,-5.805358873101465,-6.7576188478741805,-6.73839791357125
563,53.11296848630797,47.45955160737757,48.17078790934253,46.2539945384564,45.91353623797188
564,0.0,0.0,0.0,0.0,0.0
565,0.0,0.0,0.0,0.0,0.0
566,-10.884701326464118,-9.217965439259157,-19.376533133526266,-16.169583170876013,-10.334113842259304
567,8.15093614554668,2.5685520243076225,4.442900310972342,2.4377863595492926,1.057853063556124
568,0.0,0.0,0.0,0.0,0.0
569,-99.26260800619507,-104.04617983812204,-106.98498419503926,-108.36714624219488,-105.83584485613305
570,-77.98541077518188,-82.46645881289794,-80.629239678811,-82.46329145984977,-84.44935943271365
571,-55.85514369011612,-61.71236261545445,-60.178273587379664,-62.07072231018698,-63.66750123630679
572,28.4964580069112,18.50847894537872,20.586194448786113,19.32556581339682,20.50489132285493
573,16.198444974005103,14.75442530442573,13.187042369846708,12.73047216117709,19.521140464203786
574,17.188043020296814,12.206537986513766,13.444665636612044,11.651316241044622,12.844370285789623
575,27.506273236237828,21.43916826421753,22.808982648879812,20.810856226197238,26.987997774907505
576,40.09992731998794,38.780782880403,35.701140888703065,37.1949846737184,40.116964953163205
577,-25.332294898497295,-31.285425553827324,-29.361862982190488,-31.293917603889327,-33.25538390666058
578,-11.025197986421379,-17.030275033646387,-15.030979348661216,-17.00439415412293,-17.363095019626606
579,-23.910965119045002,-26.972111752466034,-26.474240064718074,-27.456805362218617,-25.88266818680914
580,-38.713878591499636,-35.89632031956568,-43.91220456401021,-37.61984708306007,-33.76826266709236
581,-20.70114269705236,-25.89744904353335,-24.746130436804506,-25.9746689052591,-27.448001800724484
582,-125.81705350420731,-112.44735768597866,-117.85915578163566,-119.82638608877744,-113.53394562684258
583,-122.68277318843082,-121.46603445945067,-123.09897591694542,-123.35841370097756,-118.71424025307347
584,-106.00710473624983,-55.18818651717491,-123.29310039561068,-107.03623116685391,-103.21093605077236
585,0.0,0.0,0.0,0.0,0.0
586,-31.87601775324579,-40.050831270665654,-39.58899335232978,-41.58616073511112,-30.275592043439232
587,-20.37520178733771,-23.48060765719847,-20.759544450239705,-16.7125265047705,-10.715441854345336
588,-27.888579259361336,-13.754654289155457,-19.18844997429825,-9.23697783767419,-6.359990060160474
589,-38.072577678603494,-13.20686751905167,-15.250025834073625,-13.296861717113472,-5.218637277021175
590,-44.57143980079299,-18.26700003917084,-20.66823259708454,-20.714461221694616,-12.9626329968216
591,-120.32806100278228,-80.37782989532548,-105.59258559802778,-69.38585832412156,-40.96633756107894
592,-31.777150908474894,-22.27789356772002,-26.50677879154054,-17.00760688765147,-8.754336167769697
593,-38.56639639266349,-20.412012121078583,-33.71959602100907,-17.192898089523034,-15.70969637925176
594,-17.891372157021884,15.811970956895683,13.679600145801952,13.66693218239568,21.06690051378741
595,9.089949951258141,30.41195124155666,16.972883186532776,35.30539307318715,60.79423101871388
596,-20.230550616422867,0.10285645901052654,-3.5645760336811083,5.138701809286845,13.462429177828449
597,-21.682938890483953,-0.9764071178835616,-11.909667734662882,2.1409610301927726,3.464741361049353
598,-13.509079195619222,-19.211770243507935,-18.278104207857616,-19.249979210525602,-21.17198281540444
599,-18.267702815339394,-23.967474193297626,-75.54069556147057,-25.802969296940883,-25.770046940582723
600,-90.23137233670704,-66.62920990417997,-75.01978809380168,-57.280361074124905,-15.329442311143929
601,-104.53184443915686,-71.46899862984557,-81.38546160902318,-62.41631016772553,-14.9690853443647
602,-92.78135647072531,-61.47133433191256,-109.95811649193786,-52.821034023974136,-38.20368954082496
603,-134.8902908680649,-90.67412861415531,-121.49574713775158,-89.47984579513977,-89.713764004891
604,-163.12288500697105,-100.40859277388184,-171.6345233995303,-145.78390612316878,-98.40048448212906
605,-143.57231501131554,-102.34921839613314,-165.31082369472537,-133.36317512189706,-100.35802145685427
606,-46.67331130533494,-133.50611818277332,-157.3621031790896,-146.8373682062273,-131.63084454256892
607,-171.6636683534656,-165.9548247451967,-187.2337745304151,-167.69743712504678,-164.86953201547925
608,9.975546007016973,5.232693112444985,2.2241666009759715,1.4801281370876236,3.4787652238124642
609,6.455097928297903,5.2558450115583835,6.47008513889706,5.4443123299515355,4.748591540400902
610,inf,-22.14490797407222,-20.968064358982005,-22.425621526063637,-21.099112027952792
611,-7.4800083797528,-11.866161889837699,-12.71340583133101,-12.205748010396512,-12.936542812310766
612,1.3688722385660572,0.24359311276404583,-4.301435004805327,0.425685019127811,-1.3262574016185686
613,11.433641503037839,5.9715541515506025,4.121359909968456,2.9217547373503248,4.190516789232754
614,4.965073232118161,10.730727281084924,7.483493927398133,11.421213824593604,10.521103756895604
615,6.2099616457907905,6.24653610322653,-0.4547864810754234,-1.247244624239353,5.186252892498749
616,19.48141068062369,14.22427590544225,17.495290965269135,16.61271092144584,21.421602662728233
617,11.14512136940764,-1.9782886324441993,-5.1870934680838126,12.2726893532928,23.620230472785256
618,14.879337197653815,-0.8119067217766851,0.5914802955038923,14.29909106224841,27.589330185827947
619,9.864418407181578,115.62703013192245,-6.424873877260573,-0.07365501359904414,18.020074226438403
620,12.099682172280314,11.64553800595414,6.132076798377895,11.089143899734307,11.763388062393963
621,-8.830725384229083,0.6528566313005024,-0.11675554852015146,1.6943868304116707,22.63086878354182
622,10.566101654970016,3.9807938603190065,3.457946552372639,1.6493165071087086,20.101702017434892
623,6.662614883124476,6.954363780256976,0.29880399511000366,7.7530513017846,7.339950913663225
624,7.1935930654226805,9.362384965495957,0.015036156010891588,11.206087014650421,13.54840102353283
625,-5.839680339714725,8.602034426196711,-4.170183752689045,10.125506877852487,11.255014429535631
626,5.368158927734779,11.11161947016556,10.001278407599914,12.83493699808554,14.103112678199427
627,-10.530887477364836,3.7728333268619947,1.7127962623502926,6.060126019358754,9.66237650048774
628,-19.771494696893498,-11.997939797075347,-10.563135958194042,-11.590738285967323,-7.606372706357739
629,1.2276012691227507,9.519882166001768,-4.148526455040887,11.312832357533491,12.992649896224517
630,-1.8541912020285594,-0.4962189087153108,0.7955975289093438,-0.09827280000919991,3.221446643264498
631,-14.089668446314253,12.268990969101743,0.8832386915128883,13.678054097745312,14.205083190529074
632,3.2528212396248843,-2.517058521587261,-0.6041446840575428,-2.5971778272599515,0.5392413013410389
633,12.307918193437,7.428125705044774,8.107519152962626,7.201756750560325,6.597113101804435
634,,-3.9718625812072474,-3.975463694222972,-4.066257919908743,-5.466554423984155
635,4.559183761928633,-0.24243123946960665,-15.952775503221119,-11.59998427821148,-0.7382849930202182
636,-32.72506679931795,-8.08470299316321,-32.76072499368145,-14.527991671648934,-0.53728467293623
637,41.14715640152155,-12.830573667693283,-14.62523042733212,-16.500594182822265,1.856208130138183
638,-28.722404664704584,-26.35888552382471,-28.83085380528832,-25.951331022703283,-26.820777236965444
639,-20.442047080082546,-18.195965889692914,-29.560517569014394,-22.299120958973738,-19.254469164421625
640,-20.590101488773783,-24.092117276443485,-28.164773224971327,-30.140013092316686,-25.498055812534304
641,-17.806926074451425,-22.969317582639363,-21.799503397858004,-23.792015473296416,-24.615210961177226
642,-1.6310377088829107,2.562268063559178,3.5859112514675573,9.80787309847858,13.44903412711518
643,16.468499461443358,8.734821032737772,11.587307598094604,11.453095520906711,14.679873266638154
644,6.116854146655148,0.3210429105667041,1.3695605408234046,0.42101933126390634,-1.4397715045620432
645,-5.159366020351179,-6.422167129936501,-9.170488926984945,-4.9719041937796415,-0.2717650510869376
646,14.848478999280239,8.88488036501213,10.880314755312073,8.883390949572654,6.9757211200290214
647,-14.282008783595515,-17.731624867896073,-19.157935334419648,-17.96665914517813,-19.26368401275736
648,0.0,0.0,0.0,0.0,0.0
649,-52.97207667371515,-34.39254638166726,-45.59656568589961,-45.44568059811472,-16.20469395466311
650,0.0,0.0,0.0,0.0,0.0
651,-36.03847533042341,-23.063870939200108,-38.25307657283314,-30.770080977397917,-6.612482413381802
652,-34.52574566650772,300.9381491208298,-74.68921760861913,-48.74460602206341,-2.9310019344269707
653,42.17046519720468,-93.17671231417911,-95.77339010438462,-80.0105555008587,-27.94849148826892
654,4.108132010643822,-51.97749592748028,-63.465473960394604,-65.15089767215774,-50.106371630253165
655,-46.15379810501843,-49.61129131534116,-50.542115692850864,-52.00907073201441,-50.20552328450005
656,-56.12852145541254,-48.784566670556835,-62.00099713463085,-56.739687032027625,-47.98034239201246
657,-22.093066221284936,-14.65801407351767,-23.632898724352433,-21.83499623575211,10.7032862612892
658,-65.8078084433312,-29.52488878152002,-48.33581160071702,-14.307931514819753,10.20981909125154
659,-19.695810420959457,-18.45151367162264,-29.778215949887873,-4.542470575913473,9.556828257782124
660,22.389110353742932,19.20348317729771,17.8109837703214,19.543690624004537,18.34313643889871
661,13.737318674910703,8.25564602133729,10.001135042486078,8.42190370507905,9.594806388807374
662,-9.177993293244725,-18.678956105281138,-22.414680772826777,-8.957557814879532,5.490121067385221
663,0.0,0.0,0.0,0.0,0.0
664,-22.350824463756794,-26.145250402094156,-40.032035818474014,-27.293548923572345,-2.0625440754484377
665,-138.81418197794292,-21.298009665361473,-40.8263083267099,-31.988392850525628,-8.177933361963651
666,-62.979291193718566,-25.55786421749243,-32.85964974881875,-31.071637515336967,-4.370994824486219
667,0.0,0.0,0.0,0.0,0.0
668,-13.96461758984498,-18.41998349746046,-16.802669348440165,-16.294426715879972,-2.66675683891068
669,27.176904534678222,28.96502801667295,29.329184177813858,28.620156533748887,37.46748351340709
670,30.702791867432424,21.496969253288217,25.257602041002706,32.17037226176831,44.63191524067815
671,39.32107982377514,31.985419657629908,31.403354320254515,45.94379166956743,62.10084325264265
672,12.845783388715825,7.295871748077005,9.033419481609718,7.0670589610718295,12.336228424591562
673,1.807584276543265,6.551229231941137,-3.0627844205947987,2.531942265522738,15.186884636648864
674,20.940758046319456,17.295167090138133,18.601742911576984,16.610332858174434,23.36866112758729
675,0.0,0.0,0.0,0.0,0.0
676,20.184042521387553,15.521814216977324,16.551119009217977,14.653062280201341,20.970608029706383
677,17.48526327963049,21.342189525264843,13.406761734088771,17.913151575974595,27.14758681332347
678,29.63547028272935,25.537000187302617,27.22887696648413,25.38595348495584,29.668125821326402
679,0.0,0.0,0.0,0.0,0.0
680,-23.3029087515133,-30.65732434627057,-29.963204551034536,-31.80424053835489,-0.4958115782112724
681,38.09733566560942,-40.2634262803089,-46.15597687358435,-38.344928733594784,-5.425194976005709
682,0.0,0.0,0.0,0.0,0.0
683,-199.4205296368399,-28.382498355419315,-41.40525582458224,-27.07293048219931,-8.667548810473653
684,0.0,0.0,0.0,0.0,0.0
685,22.251298481325254,-23.299781920023634,-39.723441238183675,-31.081920589721918,-13.781847775536235
686,0.0,0.0,0.0,0.0,0.0
687,0.0,0.0,0.0,0.0,0.0
688,158.1772597826445,116.90593754425433,99.01000520622844,98.64844548666859,127.0654452593016
689,128.39125883525563,147.6477254964902,66.27730139748269,85.20381650167539,83.32385566088657
690,29.139081215147947,17.703019055267617,11.733152574279696,28.299636633984722,46.91492740710881
691,29.001602082103492,39.21644417878833,34.375183461086365,33.55438348511102,49.86470522878304
692,28.39076212825889,32.86260072748881,24.234735925077356,29.225680238083545,37.175665418814766
693,21.68974546068387,32.93616163973945,20.65110091132498,27.304201424823088,39.32226421130648
694,-10.99553341091713,-6.1258576044015545,-8.87424682301642,-10.500619291328547,9.805599489132803
695,112.1294133585694,174.86980047410114,47.30017581495702,76.23861247226026,89.33061933293114
696,94.99885718255024,185.76088798540633,66.67362436407856,69.8233020372601,85.54627640789559
697,102.82685956554704,158.81549759615513,45.29975935877472,50.93058573554419,70.69346595276187
698,103.93813541329487,158.82055542784852,62.02215377527639,66.56912803684955,73.58998656139549
699,0.0,0.0,0.0,0.0,0.0
700,0.0,0.0,0.0,0.0,0.0
701,0.0,0.0,0.0,0.0,0.0
702,0.0,0.0,0.0,0.0,0.0
703,0.0,0.0,0.0,0.0,0.0
704,0.0,0.0,0.0,0.0,0.0
705,0.0,0.0,0.0,0.0,0.0
706,0.0,0.0,0.0,0.0,0.0
707,0.0,0.0,0.0,0.0,0.0
708,0.0,0.0,0.0,0.0,0.0
709,0.0,0.0,0.0,0.0,0.0
710,0.0,0.0,0.0,0.0,0.0
711,0.0,0.0,0.0,0.0,0.0
712,0.0,0.0,0.0,0.0,0.0
713,0.0,0.0,0.0,0.0,0.0
714,0.0,0.0,0.0,0.0,0.0
715,0.0,0.0,0.0,0.0,0.0
716,0.0,0.0,0.0,0.0,0.0
717,0.0,0.0,0.0,0.0,0.0
718,0.0,0.0,0.0,0.0,0.0
719,0.0,0.0,0.0,0.0,0.0
720,0.0,0.0,0.0,0.0,0.0
721,0.0,0.0,0.0,0.0,0.0
722,0.0,0.0,0.0,0.0,0.0
723,0.0,0.0,0.0,0.0,0.0
724,0.0,0.0,0.0,0.0,0.0
725,0.0,0.0,0.0,0.0,0.0
726,0.0,0.0,0.0,0.0,0.0
727,0.0,0.0,0.0,0.0,0.0
728,0.0,0.0,0.0,0.0,0.0
729,0.0,0.0,0.0,0.0,0.0
730,0.0,0.0,0.0,0.0,0.0
731,0.0,0.0,0.0,0.0,0.0
732,0.0,0.0,0.0,0.0,0.0
733,0.0,0.0,0.0,0.0,0.0
734,0.0,0.0,0.0,0.0,0.0
735,0.0,0.0,0.0,0.0,0.0
736,0.0,0.0,0.0,0.0,0.0
737,0.0,0.0,0.0,0.0,0.0
738,0.0,0.0,0.0,0.0,0.0
739,0.0,0.0,0.0,0.0,0.0
740,0.0,0.0,0.0,0.0,0.0
741,0.0,0.0,0.0,0.0,0.0
742,37.57487960609369,34.1506535752481,35.89062218405897,34.410866140907586,40.73551391490528
743,53.1406631398126,49.37098255238432,49.271415476625926,52.81067564599451,57.96309785404506
744,66.31001364308014,52.543613205040685,54.08059183538071,52.39973917336319,51.779588642648356
745,22.794702298598168,32.241498056576525,23.801235371684506,21.80123556943289,58.41719089792303
746,-21.51678679577867,8.75651098903156,-9.741447011584874,4.901200212179639,11.799744149508875
747,17.398982779924623,-0.4419561432997128,-15.208400156954006,-9.49736662756669,9.033102145511798
748,-9.929414016160965,-1.7032549303758007,-15.106035444142101,-6.764291507790613,6.358955827825218
749,-23.002247832058195,-9.877905241351147,-31.713053592720883,-16.54868517991801,1.7771856520090585
750,-17.515538655578162,-9.76856293983369,-27.689778573103332,-28.162741347452425,5.103866129978369
751,-17.035352358398676,-3.643245632030732,-25.931537762629382,-10.105376891855538,5.589448422423997
752,-10.764962879181457,-20.783630777124998,-19.548801987609206,-20.19230099395011,1.3596292794776188
753,49.374866110154315,139.09364866188287,-18.67800987566055,-13.417540552186072,22.120860021195803
754,34.17279304935077,7.786953003311513,-5.688081776859979,-0.415390783101671,25.340485710750237
755,11.095897148287744,9.472429801017793,9.896109398428987,10.3215754872192,14.06840291892053
756,-2.2687684563420056,4.466048341650453,2.9129661926439123,7.256246207093956,17.49707321703923
757,-0.21492697542501915,3.9297736162815626,-1.3044164046869646,6.193804284876862,11.168971981916577
758,6.671398978815863,9.550218545482686,8.808412479198328,6.809717349937038,21.58337136620487
759,10.15033533515907,-3.4587879475679006,-0.5516468443242601,1.1018643249971296,21.51869415820542
760,-1.465955786048223,7.137949497633159,-6.391192304571696,1.7780468086861987,14.854419338232052
761,0.0,0.0,0.0,0.0,0.0
762,-2.067079248147831,14.934129210379275,-16.04168219376563,0.24006333440976224,26.566282203931415
763,-0.2725619064798437,0.8836364428543471,0.8882774591409799,3.9609831695694964,16.42038301312619
764,0.0,0.0,0.0,0.0,0.0
765,-7.685184866319155,18.164930411015984,10.348240032969226,9.928010651999578,22.516006133397653
766,1.4447006401202405,0.7224349947451572,-0.41268967997899786,-2.3780637766306967,10.78557991973133
767,6.4131996889981675,1.2882423060597858,1.9701888229807416,0.019654667641176182,14.341247442518126
768,0.0,0.0,0.0,0.0,0.0
769,9.307293949551909,10.142013200143122,10.40623064084681,11.172327580438104,21.89639354055833
770,-17.859435153790823,1.0938178405531147,-8.235366012566466,-7.926196013164496,14.564904900856241
771,45.41232310756781,-14.403355263770209,-23.977141707582334,-5.507267010198328,8.630683172778276
772,0.0,0.0,0.0,0.0,0.0
773,-7.092248732980693,11.249020686145101,3.415973805396547,3.613577206653906,14.748417195632003
774,-19.60629022368115,-10.629746404650461,-37.31345357069139,-28.504881525755863,8.048426033028795
775,-10.123947620150432,-14.976183163692262,-13.518640609232119,-13.329873043937422,0.3780036204547361
776,-4.1780000565557245,2.87968436978857,-4.445926252712638,-2.627390956592878,13.344323900367774
777,2.432311808822199,21.22507146114804,2.468599757852753,11.389939179799635,29.01620525463962
778,36.13688620728127,15.570292897814626,12.174136146598865,18.679065239824546,26.029014756394442
779,-11.833709082554588,-4.114902082333392,-7.620483791761995,0.8735884620903249,11.448530967249855
780,23.854742235732633,-2.9076648287903666,-3.8840866052281644,-0.3745936493318647,15.858333079003183
781,1.259050901629024,-0.9788544307104434,-0.9518866689534367,-1.5615433594437942,10.207982595597187
782,32.36865702201821,9.413247523238283,7.94271798902839,6.1696923765988725,24.405310455094728
783,48.49262720790955,0.7163517774129646,-10.171835162770769,-6.666910671501933,8.918872703794825
784,-9.40606083266945,-1.3465698769525352,-29.753098017380246,-31.159530616832505,29.31272179273929
785,-2.5950173313181235,2.6391539066435703,-6.075394977770387,-5.239481482696812,13.57541463004714
786,-3.1641857462411025,0.5747241666040575,-8.708810648996046,-10.700061125768762,25.445576814541237
787,-2.351894826235707,-2.9893704466660083,-5.6627098775110944,-6.708290734610069,8.77644927769794
788,23.66068441089078,1.1662205835208876,-3.596773764998332,3.50866537599331,10.727441462283341
789,-26.189557670589636,7.834108852588603,-13.078338904550016,11.65669513321495,17.519134372100986
790,7.03620942710198,9.17842746976439,4.565176508040235,11.688110756428458,15.832145784736463
791,5.518171940641853,3.7022772924738434,4.000419409890495,6.907713814337486,16.80136049685528
792,-4.049627701386488,-0.5204492749261256,-0.18469954166754654,1.9237445145540848,13.177883884621636
793,-0.5441805850035593,-4.2006250398910545,-6.314424616576892,2.479713808152609,18.014190244144565
794,-2.604349524633971,3.496253636865137,-4.663291452842655,7.83719953445402,16.65407883981313
795,31.120704947194337,-1.510311546959504,-1.235775634533308,0.08873062000896326,13.69311602373486
796,7.930340920485558,10.412808581156288,1.4403692009611841,14.353138942496859,24.846150795534278
797,31.05309338324007,-10.667377223890291,-12.559426680889334,-4.024993128493607,20.405682328284854
798,-46.90365253517495,-32.992695348156026,-60.53052538052421,-59.41001957807585,-33.14039409992983
799,-41.79915361793757,-25.019696143246954,-50.99363909838484,-38.115177344726206,-24.57697905794718
800,-37.021320698974804,-20.948463499568717,-44.9473268882986,-46.63853778239388,-20.92107018956832
801,-58.03483209444356,-34.802299130987336,-54.849802680877374,-55.92612168526002,-33.30533696843428
802,-42.21711527385058,-24.838052673733674,-51.94566875578821,-43.09431367800633,-24.364562503622366
803,-15.678355651637911,-1.296111379733822,-7.064190125486546,2.2835095683188866,25.74405330603717
804,-26.869703058625433,5.912941386007655,-11.721284238094789,-13.173433145515222,28.677793763686783
805,-9.494032570160481,5.409649164601053,-7.035738788986217,-8.87817032748714,26.423497644086993
806,-24.703717081376837,2.9846298005446377,-17.43596909492383,-18.560910303849155,23.205203065331993
807,0.6188780249144674,-2.527200878490529,-17.7754627341217,-18.64967279708563,23.99287247729196
808,-11.463519030556633,0.5183883895828085,-7.791820699340137,3.4767996436521225,11.595893961646663
809,39.534553349526064,15.585035592299374,-2.3460476516181235,19.49671498008944,26.85378273023368
810,-19.792987021773946,17.293857385445683,0.4817792722911154,21.617123401216215,29.068690918342647
811,-4.219826363529219,13.21085070335609,2.4955004017855433,16.42844921932349,23.291723896557478
812,-5.001249143339635,15.244607312373816,1.3555194240751698,21.001971199461202,31.01155946483177
813,15.169731066259349,18.58886101044068,3.102568780942846,2.4534912879438235,44.011374728482146
814,13.295122136023554,333.3624821632433,0.4341429939247021,2.4415689873429645,36.97206495196293
815,18.487640569582005,29.771323996004977,7.854592254696073,11.895904615667723,54.23973540622444
816,9.33375915033974,4.074342964608705,-7.1973311913916955,-8.714523714705981,47.73465941775853
817,1.6542294385771683,8.634157527085687,-5.0932350873530545,-0.8168624902670985,20.75335202405092
818,6.724480464892632,13.728618891046086,2.928101969752145,0.9316412446112121,29.821879084088657
819,-8.246607512773767,14.617618804496002,-9.631649433145174,8.686967612413632,21.145546263191534
820,-0.12227028118288885,12.17902738331432,-7.324786883933676,2.414075236397759,22.450311078409566
821,8.322438381228668,4.412899120250337,2.313920258822465,0.3143220749708391,19.663437931527227
822,0.9979195430397834,-2.847429379325895,-3.5587262319955144,-4.790670053283947,7.698583850054916
823,-4.663370558646385,10.159704836349212,-3.0514631392856124,-5.027163137400461,25.41752961659989
824,-11.394514978056552,3.4637865517919475,-7.53176526851499,-9.268234455213804,20.79358826285782
825,8.670090858550543,7.211762320557971,6.698579328851622,4.711933580036537,19.71769509035619
826,19.066796051656546,8.935364443901952,7.028649264884562,17.063087917371156,36.97021268606994
827,12.827527464071238,2.9494823893550044,2.135425381666793,2.212288631705287,26.74939396598579
828,-9.869914297846037,5.45874435096963,-7.439156845469123,-8.42893569414238,23.009978077492132
829,-17.56399577135533,-5.1403057207465,-17.905384153714607,2.3619108986239343,15.412834786738555
830,-9.977813514996871,-13.095130754514923,-15.283354711502554,-1.1175551519754112,16.190199624697883
831,-0.35924899998315496,-0.14519330580461087,-1.6459172555903567,6.351027591740177,21.665295557221743
832,3.007731293554489,-4.344993783125869,-7.370199076398329,11.020964781537334,25.090925799467307
833,15.292762564707914,-2.303340203354484,10.552475338252709,15.309682459113848,25.425980280285245
834,-2.87784842394759,116.03445878236349,-1.666651984360895,10.507185025985759,20.378065961811423
835,10.222370602117312,6.356083858209096,3.33732876130143,13.050232006446148,17.3571267818385
836,-164.22692510049134,6.715282290862757,-6.266890383258593,8.195328825005394,18.31788211596713
837,12.255694657955459,9.25683802596102,0.727120508484143,2.5724022709525505,7.460568506447807
838,-3.512844882248583,4.288929309605371,-15.724278912768938,-7.955502741916579,2.796705646176753
839,-3.9011896043154017,-5.293773200640425,-22.391395270018943,-12.69730695246578,-6.893660388019988
840,3.9701355667490628,-0.9084292710647208,-16.095519298840024,-17.67383086399133,-2.69370369370594
841,-58.73555846191793,-65.96137985883718,-64.98363719463335,-66.75331724477309,-42.66926430980351
842,-45.25554180256011,-57.459024998080096,-56.998567257633994,-58.887038628554535,-26.27563454815196
843,-64.4670177951178,-63.811740621111696,-56.76244922755902,-54.875491628594204,-26.20214670174661
844,-35.769308811095534,-32.99458993433536,-33.576094447811634,-33.44114126685059,-3.126487535289715
845,-2.2658756887735656,-17.08304023291771,-14.210955409556028,-11.045117899401795,9.709023187043808
846,-86.62321971309791,-68.8884295461519,-96.71038233504498,-64.0118352883018,-54.994807551278896
847,-115.00712534082422,-102.62577668958922,-116.56584061350432,-102.2975533728795,-104.24031448450185
848,-94.76886479108444,-110.52877567290318,-122.39087509575694,-111.37567884828741,-111.48348943239793
849,-59.270918416919244,-43.261237869906395,-79.8572473741153,-75.81508801013678,-43.031549745497486
850,-118.05645352057988,-79.21336902902175,-120.42172973906324,-116.51307302173225,-78.07905728126207
851,0.0,0.0,0.0,0.0,0.0
852,0.0,0.0,0.0,0.0,0.0
853,0.0,0.0,0.0,0.0,0.0
854,0.0,0.0,0.0,0.0,0.0
855,0.0,0.0,0.0,0.0,0.0
856,0.0,0.0,0.0,0.0,0.0
857,0.0,0.0,0.0,0.0,0.0
858,0.0,0.0,0.0,0.0,0.0
859,0.0,0.0,0.0,0.0,0.0
860,0.0,0.0,0.0,0.0,0.0
861,0.0,0.0,0.0,0.0,0.0
862,0.0,0.0,0.0,0.0,0.0
863,0.0,0.0,0.0,0.0,0.0
864,0.0,0.0,0.0,0.0,0.0
865,0.0,0.0,0.0,0.0,0.0
866,0.0,0.0,0.0,0.0,0.0
867,0.0,0.0,0.0,0.0,0.0
868,0.0,0.0,0.0,0.0,0.0
869,0.0,0.0,0.0,0.0,0.0
870,0.0,0.0,0.0,0.0,0.0
871,0.0,0.0,0.0,0.0,0.0
872,0.0,0.0,0.0,0.0,0.0
873,0.0,0.0,0.0,0.0,0.0
874,0.0,0.0,0.0,0.0,0.0
875,0.0,0.0,0.0,0.0,0.0
876,0.0,0.0,0.0,0.0,0.0
877,0.0,0.0,0.0,0.0,0.0
878,0.0,0.0,0.0,0.0,0.0
879,0.0,0.0,0.0,0.0,0.0
880,0.0,0.0,0.0,0.0,0.0
881,0.0,0.0,0.0,0.0,0.0
882,0.0,0.0,0.0,0.0,0.0
883,0.0,0.0,0.0,0.0,0.0
884,0.0,0.0,0.0,0.0,0.0
885,0.0,0.0,0.0,0.0,0.0
886,0.0,0.0,0.0,0.0,0.0
887,0.0,0.0,0.0,0.0,0.0
888,0.0,0.0,0.0,0.0,0.0
889,0.0,0.0,0.0,0.0,0.0
890,0.0,0.0,0.0,0.0,0.0
891,0.0,0.0,0.0,0.0,0.0
892,0.0,0.0,0.0,0.0,0.0
893,0.0,0.0,0.0,0.0,0.0
894,0.0,0.0,0.0,0.0,0.0
895,0.0,0.0,0.0,0.0,0.0
896,0.0,0.0,0.0,0.0,0.0
897,0.0,0.0,0.0,0.0,0.0
898,0.0,0.0,0.0,0.0,0.0
899,-18.019425599273266,-21.14841476248256,-21.825397427162564,-23.776496558750978,-5.463848887497381
900,-1.781202158207833,-1.3875808987972604,-13.165168199811447,-0.5710939886119455,-0.5315310082849054
901,-19.174477693278593,-18.520005424668078,-24.951179567872913,-18.924698909421696,-19.212943844176863
